file_name,x,y,w,h
./skysat_2025_09_05_piraeus_tiles_768/skysat_2025_09_05_piraeus_x0_y0_w768_h768.png,0,0,768,768
./skysat_2025_09_05_piraeus_tiles_768/skysat_2025_09_05_piraeus_x768_y0_w768_h768.png,768,0,768,768
./skysat_2025_09_05_piraeus_tiles_768/skysat_2025_09_05_piraeus_x1536_y0_w768_h768.png,1536,0,768,768
./skysat_2025_09_05_piraeus_tiles_768/skysat_2025_09_05_piraeus_x2304_y0_w768_h768.png,2304,0,768,768
./skysat_2025_09_05_piraeus_tiles_768/skysat_2025_09_05_piraeus_x3072_y0_w768_h768.png,3072,0,768,768
./skysat_2025_09_05_piraeus_tiles_768/skysat_2025_09_05_piraeus_x3840_y0_w768_h768.png,3840,0,768,768
./skysat_2025_09_05_piraeus_tiles_768/skysat_2025_09_05_piraeus_x4608_y0_w768_h768.png,4608,0,768,768
./skysat_2025_09_05_piraeus_tiles_768/skysat_2025_09_05_piraeus_x5376_y0_w768_h768.png,5376,0,768,768
./skysat_2025_09_05_piraeus_tiles_768/skysat_2025_09_05_piraeus_x6144_y0_w768_h768.png,6144,0,768,768
./skysat_2025_09_05_piraeus_tiles_768/skysat_2025_09_05_piraeus_x6912_y0_w768_h768.png,6912,0,768,768
./skysat_2025_09_05_piraeus_tiles_768/skysat_2025_09_05_piraeus_x7680_y0_w768_h768.png,7680,0,768,768
./skysat_2025_09_05_piraeus_tiles_768/skysat_2025_09_05_piraeus_x8448_y0_w768_h768.png,8448,0,768,768
./skysat_2025_09_05_piraeus_tiles_768/skysat_2025_09_05_piraeus_x9216_y0_w768_h768.png,9216,0,768,768
./skysat_2025_09_05_piraeus_tiles_768/skysat_2025_09_05_piraeus_x9984_y0_w768_h768.png,9984,0,768,768
./skysat_2025_09_05_piraeus_tiles_768/skysat_2025_09_05_piraeus_x10752_y0_w768_h768.png,10752,0,768,768
./skysat_2025_09_05_piraeus_tiles_768/skysat_2025_09_05_piraeus_x11520_y0_w768_h768.png,11520,0,768,768
./skysat_2025_09_05_piraeus_tiles_768/skysat_2025_09_05_piraeus_x12288_y0_w768_h768.png,12288,0,768,768
./skysat_2025_09_05_piraeus_tiles_768/skysat_2025_09_05_piraeus_x13056_y0_w768_h768.png,13056,0,768,768
./skysat_2025_09_05_piraeus_tiles_768/skysat_2025_09_05_piraeus_x13824_y0_w768_h768.png,13824,0,768,768
./skysat_2025_09_05_piraeus_tiles_768/skysat_2025_09_05_piraeus_x14592_y0_w768_h768.png,14592,0,768,768
./skysat_2025_09_05_piraeus_tiles_768/skysat_2025_09_05_piraeus_x15360_y0_w768_h768.png,15360,0,768,768
./skysat_2025_09_05_piraeus_tiles_768/skysat_2025_09_05_piraeus_x16128_y0_w768_h768.png,16128,0,768,768
./skysat_2025_09_05_piraeus_tiles_768/skysat_2025_09_05_piraeus_x16896_y0_w715_h768.png,16896,0,715,768
./skysat_2025_09_05_piraeus_tiles_768/skysat_2025_09_05_piraeus_x0_y768_w768_h768.png,0,768,768,768
./skysat_2025_09_05_piraeus_tiles_768/skysat_2025_09_05_piraeus_x768_y768_w768_h768.png,768,768,768,768
./skysat_2025_09_05_piraeus_tiles_768/skysat_2025_09_05_piraeus_x1536_y768_w768_h768.png,1536,768,768,768
./skysat_2025_09_05_piraeus_tiles_768/skysat_2025_09_05_piraeus_x2304_y768_w768_h768.png,2304,768,768,768
./skysat_2025_09_05_piraeus_tiles_768/skysat_2025_09_05_piraeus_x3072_y768_w768_h768.png,3072,768,768,768
./skysat_2025_09_05_piraeus_tiles_768/skysat_2025_09_05_piraeus_x3840_y768_w768_h768.png,3840,768,768,768
./skysat_2025_09_05_piraeus_tiles_768/skysat_2025_09_05_piraeus_x4608_y768_w768_h768.png,4608,768,768,768
./skysat_2025_09_05_piraeus_tiles_768/skysat_2025_09_05_piraeus_x5376_y768_w768_h768.png,5376,768,768,768
./skysat_2025_09_05_piraeus_tiles_768/skysat_2025_09_05_piraeus_x6144_y768_w768_h768.png,6144,768,768,768
./skysat_2025_09_05_piraeus_tiles_768/skysat_2025_09_05_piraeus_x6912_y768_w768_h768.png,6912,768,768,768
./skysat_2025_09_05_piraeus_tiles_768/skysat_2025_09_05_piraeus_x7680_y768_w768_h768.png,7680,768,768,768
./skysat_2025_09_05_piraeus_tiles_768/skysat_2025_09_05_piraeus_x8448_y768_w768_h768.png,8448,768,768,768
./skysat_2025_09_05_piraeus_tiles_768/skysat_2025_09_05_piraeus_x9216_y768_w768_h768.png,9216,768,768,768
./skysat_2025_09_05_piraeus_tiles_768/skysat_2025_09_05_piraeus_x9984_y768_w768_h768.png,9984,768,768,768
./skysat_2025_09_05_piraeus_tiles_768/skysat_2025_09_05_piraeus_x10752_y768_w768_h768.png,10752,768,768,768
./skysat_2025_09_05_piraeus_tiles_768/skysat_2025_09_05_piraeus_x11520_y768_w768_h768.png,11520,768,768,768
./skysat_2025_09_05_piraeus_tiles_768/skysat_2025_09_05_piraeus_x12288_y768_w768_h768.png,12288,768,768,768
./skysat_2025_09_05_piraeus_tiles_768/skysat_2025_09_05_piraeus_x13056_y768_w768_h768.png,13056,768,768,768
./skysat_2025_09_05_piraeus_tiles_768/skysat_2025_09_05_piraeus_x13824_y768_w768_h768.png,13824,768,768,768
./skysat_2025_09_05_piraeus_tiles_768/skysat_2025_09_05_piraeus_x14592_y768_w768_h768.png,14592,768,768,768
./skysat_2025_09_05_piraeus_tiles_768/skysat_2025_09_05_piraeus_x15360_y768_w768_h768.png,15360,768,768,768
./skysat_2025_09_05_piraeus_tiles_768/skysat_2025_09_05_piraeus_x16128_y768_w768_h768.png,16128,768,768,768
./skysat_2025_09_05_piraeus_tiles_768/skysat_2025_09_05_piraeus_x16896_y768_w715_h768.png,16896,768,715,768
./skysat_2025_09_05_piraeus_tiles_768/skysat_2025_09_05_piraeus_x0_y1536_w768_h768.png,0,1536,768,768
./skysat_2025_09_05_piraeus_tiles_768/skysat_2025_09_05_piraeus_x768_y1536_w768_h768.png,768,1536,768,768
./skysat_2025_09_05_piraeus_tiles_768/skysat_2025_09_05_piraeus_x1536_y1536_w768_h768.png,1536,1536,768,768
./skysat_2025_09_05_piraeus_tiles_768/skysat_2025_09_05_piraeus_x2304_y1536_w768_h768.png,2304,1536,768,768
./skysat_2025_09_05_piraeus_tiles_768/skysat_2025_09_05_piraeus_x3072_y1536_w768_h768.png,3072,1536,768,768
./skysat_2025_09_05_piraeus_tiles_768/skysat_2025_09_05_piraeus_x3840_y1536_w768_h768.png,3840,1536,768,768
./skysat_2025_09_05_piraeus_tiles_768/skysat_2025_09_05_piraeus_x4608_y1536_w768_h768.png,4608,1536,768,768
./skysat_2025_09_05_piraeus_tiles_768/skysat_2025_09_05_piraeus_x5376_y1536_w768_h768.png,5376,1536,768,768
./skysat_2025_09_05_piraeus_tiles_768/skysat_2025_09_05_piraeus_x6144_y1536_w768_h768.png,6144,1536,768,768
./skysat_2025_09_05_piraeus_tiles_768/skysat_2025_09_05_piraeus_x6912_y1536_w768_h768.png,6912,1536,768,768
./skysat_2025_09_05_piraeus_tiles_768/skysat_2025_09_05_piraeus_x7680_y1536_w768_h768.png,7680,1536,768,768
./skysat_2025_09_05_piraeus_tiles_768/skysat_2025_09_05_piraeus_x8448_y1536_w768_h768.png,8448,1536,768,768
./skysat_2025_09_05_piraeus_tiles_768/skysat_2025_09_05_piraeus_x9216_y1536_w768_h768.png,9216,1536,768,768
./skysat_2025_09_05_piraeus_tiles_768/skysat_2025_09_05_piraeus_x9984_y1536_w768_h768.png,9984,1536,768,768
./skysat_2025_09_05_piraeus_tiles_768/skysat_2025_09_05_piraeus_x10752_y1536_w768_h768.png,10752,1536,768,768
./skysat_2025_09_05_piraeus_tiles_768/skysat_2025_09_05_piraeus_x11520_y1536_w768_h768.png,11520,1536,768,768
./skysat_2025_09_05_piraeus_tiles_768/skysat_2025_09_05_piraeus_x12288_y1536_w768_h768.png,12288,1536,768,768
./skysat_2025_09_05_piraeus_tiles_768/skysat_2025_09_05_piraeus_x13056_y1536_w768_h768.png,13056,1536,768,768
./skysat_2025_09_05_piraeus_tiles_768/skysat_2025_09_05_piraeus_x13824_y1536_w768_h768.png,13824,1536,768,768
./skysat_2025_09_05_piraeus_tiles_768/skysat_2025_09_05_piraeus_x14592_y1536_w768_h768.png,14592,1536,768,768
./skysat_2025_09_05_piraeus_tiles_768/skysat_2025_09_05_piraeus_x15360_y1536_w768_h768.png,15360,1536,768,768
./skysat_2025_09_05_piraeus_tiles_768/skysat_2025_09_05_piraeus_x16128_y1536_w768_h768.png,16128,1536,768,768
./skysat_2025_09_05_piraeus_tiles_768/skysat_2025_09_05_piraeus_x16896_y1536_w715_h768.png,16896,1536,715,768
./skysat_2025_09_05_piraeus_tiles_768/skysat_2025_09_05_piraeus_x0_y2304_w768_h768.png,0,2304,768,768
./skysat_2025_09_05_piraeus_tiles_768/skysat_2025_09_05_piraeus_x768_y2304_w768_h768.png,768,2304,768,768
./skysat_2025_09_05_piraeus_tiles_768/skysat_2025_09_05_piraeus_x1536_y2304_w768_h768.png,1536,2304,768,768
./skysat_2025_09_05_piraeus_tiles_768/skysat_2025_09_05_piraeus_x2304_y2304_w768_h768.png,2304,2304,768,768
./skysat_2025_09_05_piraeus_tiles_768/skysat_2025_09_05_piraeus_x3072_y2304_w768_h768.png,3072,2304,768,768
./skysat_2025_09_05_piraeus_tiles_768/skysat_2025_09_05_piraeus_x3840_y2304_w768_h768.png,3840,2304,768,768
./skysat_2025_09_05_piraeus_tiles_768/skysat_2025_09_05_piraeus_x4608_y2304_w768_h768.png,4608,2304,768,768
./skysat_2025_09_05_piraeus_tiles_768/skysat_2025_09_05_piraeus_x5376_y2304_w768_h768.png,5376,2304,768,768
./skysat_2025_09_05_piraeus_tiles_768/skysat_2025_09_05_piraeus_x6144_y2304_w768_h768.png,6144,2304,768,768
./skysat_2025_09_05_piraeus_tiles_768/skysat_2025_09_05_piraeus_x6912_y2304_w768_h768.png,6912,2304,768,768
./skysat_2025_09_05_piraeus_tiles_768/skysat_2025_09_05_piraeus_x7680_y2304_w768_h768.png,7680,2304,768,768
./skysat_2025_09_05_piraeus_tiles_768/skysat_2025_09_05_piraeus_x8448_y2304_w768_h768.png,8448,2304,768,768
./skysat_2025_09_05_piraeus_tiles_768/skysat_2025_09_05_piraeus_x9216_y2304_w768_h768.png,9216,2304,768,768
./skysat_2025_09_05_piraeus_tiles_768/skysat_2025_09_05_piraeus_x9984_y2304_w768_h768.png,9984,2304,768,768
./skysat_2025_09_05_piraeus_tiles_768/skysat_2025_09_05_piraeus_x10752_y2304_w768_h768.png,10752,2304,768,768
./skysat_2025_09_05_piraeus_tiles_768/skysat_2025_09_05_piraeus_x11520_y2304_w768_h768.png,11520,2304,768,768
./skysat_2025_09_05_piraeus_tiles_768/skysat_2025_09_05_piraeus_x12288_y2304_w768_h768.png,12288,2304,768,768
./skysat_2025_09_05_piraeus_tiles_768/skysat_2025_09_05_piraeus_x13056_y2304_w768_h768.png,13056,2304,768,768
./skysat_2025_09_05_piraeus_tiles_768/skysat_2025_09_05_piraeus_x13824_y2304_w768_h768.png,13824,2304,768,768
./skysat_2025_09_05_piraeus_tiles_768/skysat_2025_09_05_piraeus_x14592_y2304_w768_h768.png,14592,2304,768,768
./skysat_2025_09_05_piraeus_tiles_768/skysat_2025_09_05_piraeus_x15360_y2304_w768_h768.png,15360,2304,768,768
./skysat_2025_09_05_piraeus_tiles_768/skysat_2025_09_05_piraeus_x16128_y2304_w768_h768.png,16128,2304,768,768
./skysat_2025_09_05_piraeus_tiles_768/skysat_2025_09_05_piraeus_x16896_y2304_w715_h768.png,16896,2304,715,768
./skysat_2025_09_05_piraeus_tiles_768/skysat_2025_09_05_piraeus_x0_y3072_w768_h768.png,0,3072,768,768
./skysat_2025_09_05_piraeus_tiles_768/skysat_2025_09_05_piraeus_x768_y3072_w768_h768.png,768,3072,768,768
./skysat_2025_09_05_piraeus_tiles_768/skysat_2025_09_05_piraeus_x1536_y3072_w768_h768.png,1536,3072,768,768
./skysat_2025_09_05_piraeus_tiles_768/skysat_2025_09_05_piraeus_x2304_y3072_w768_h768.png,2304,3072,768,768
./skysat_2025_09_05_piraeus_tiles_768/skysat_2025_09_05_piraeus_x3072_y3072_w768_h768.png,3072,3072,768,768
./skysat_2025_09_05_piraeus_tiles_768/skysat_2025_09_05_piraeus_x3840_y3072_w768_h768.png,3840,3072,768,768
./skysat_2025_09_05_piraeus_tiles_768/skysat_2025_09_05_piraeus_x4608_y3072_w768_h768.png,4608,3072,768,768
./skysat_2025_09_05_piraeus_tiles_768/skysat_2025_09_05_piraeus_x5376_y3072_w768_h768.png,5376,3072,768,768
./skysat_2025_09_05_piraeus_tiles_768/skysat_2025_09_05_piraeus_x6144_y3072_w768_h768.png,6144,3072,768,768
./skysat_2025_09_05_piraeus_tiles_768/skysat_2025_09_05_piraeus_x6912_y3072_w768_h768.png,6912,3072,768,768
./skysat_2025_09_05_piraeus_tiles_768/skysat_2025_09_05_piraeus_x7680_y3072_w768_h768.png,7680,3072,768,768
./skysat_2025_09_05_piraeus_tiles_768/skysat_2025_09_05_piraeus_x8448_y3072_w768_h768.png,8448,3072,768,768
./skysat_2025_09_05_piraeus_tiles_768/skysat_2025_09_05_piraeus_x9216_y3072_w768_h768.png,9216,3072,768,768
./skysat_2025_09_05_piraeus_tiles_768/skysat_2025_09_05_piraeus_x9984_y3072_w768_h768.png,9984,3072,768,768
./skysat_2025_09_05_piraeus_tiles_768/skysat_2025_09_05_piraeus_x10752_y3072_w768_h768.png,10752,3072,768,768
./skysat_2025_09_05_piraeus_tiles_768/skysat_2025_09_05_piraeus_x11520_y3072_w768_h768.png,11520,3072,768,768
./skysat_2025_09_05_piraeus_tiles_768/skysat_2025_09_05_piraeus_x12288_y3072_w768_h768.png,12288,3072,768,768
./skysat_2025_09_05_piraeus_tiles_768/skysat_2025_09_05_piraeus_x13056_y3072_w768_h768.png,13056,3072,768,768
./skysat_2025_09_05_piraeus_tiles_768/skysat_2025_09_05_piraeus_x13824_y3072_w768_h768.png,13824,3072,768,768
./skysat_2025_09_05_piraeus_tiles_768/skysat_2025_09_05_piraeus_x14592_y3072_w768_h768.png,14592,3072,768,768
./skysat_2025_09_05_piraeus_tiles_768/skysat_2025_09_05_piraeus_x15360_y3072_w768_h768.png,15360,3072,768,768
./skysat_2025_09_05_piraeus_tiles_768/skysat_2025_09_05_piraeus_x16128_y3072_w768_h768.png,16128,3072,768,768
./skysat_2025_09_05_piraeus_tiles_768/skysat_2025_09_05_piraeus_x16896_y3072_w715_h768.png,16896,3072,715,768
./skysat_2025_09_05_piraeus_tiles_768/skysat_2025_09_05_piraeus_x0_y3840_w768_h768.png,0,3840,768,768
./skysat_2025_09_05_piraeus_tiles_768/skysat_2025_09_05_piraeus_x768_y3840_w768_h768.png,768,3840,768,768
./skysat_2025_09_05_piraeus_tiles_768/skysat_2025_09_05_piraeus_x1536_y3840_w768_h768.png,1536,3840,768,768
./skysat_2025_09_05_piraeus_tiles_768/skysat_2025_09_05_piraeus_x2304_y3840_w768_h768.png,2304,3840,768,768
./skysat_2025_09_05_piraeus_tiles_768/skysat_2025_09_05_piraeus_x3072_y3840_w768_h768.png,3072,3840,768,768
./skysat_2025_09_05_piraeus_tiles_768/skysat_2025_09_05_piraeus_x3840_y3840_w768_h768.png,3840,3840,768,768
./skysat_2025_09_05_piraeus_tiles_768/skysat_2025_09_05_piraeus_x4608_y3840_w768_h768.png,4608,3840,768,768
./skysat_2025_09_05_piraeus_tiles_768/skysat_2025_09_05_piraeus_x5376_y3840_w768_h768.png,5376,3840,768,768
./skysat_2025_09_05_piraeus_tiles_768/skysat_2025_09_05_piraeus_x6144_y3840_w768_h768.png,6144,3840,768,768
./skysat_2025_09_05_piraeus_tiles_768/skysat_2025_09_05_piraeus_x6912_y3840_w768_h768.png,6912,3840,768,768
./skysat_2025_09_05_piraeus_tiles_768/skysat_2025_09_05_piraeus_x7680_y3840_w768_h768.png,7680,3840,768,768
./skysat_2025_09_05_piraeus_tiles_768/skysat_2025_09_05_piraeus_x8448_y3840_w768_h768.png,8448,3840,768,768
./skysat_2025_09_05_piraeus_tiles_768/skysat_2025_09_05_piraeus_x9216_y3840_w768_h768.png,9216,3840,768,768
./skysat_2025_09_05_piraeus_tiles_768/skysat_2025_09_05_piraeus_x9984_y3840_w768_h768.png,9984,3840,768,768
./skysat_2025_09_05_piraeus_tiles_768/skysat_2025_09_05_piraeus_x10752_y3840_w768_h768.png,10752,3840,768,768
./skysat_2025_09_05_piraeus_tiles_768/skysat_2025_09_05_piraeus_x11520_y3840_w768_h768.png,11520,3840,768,768
./skysat_2025_09_05_piraeus_tiles_768/skysat_2025_09_05_piraeus_x12288_y3840_w768_h768.png,12288,3840,768,768
./skysat_2025_09_05_piraeus_tiles_768/skysat_2025_09_05_piraeus_x13056_y3840_w768_h768.png,13056,3840,768,768
./skysat_2025_09_05_piraeus_tiles_768/skysat_2025_09_05_piraeus_x13824_y3840_w768_h768.png,13824,3840,768,768
./skysat_2025_09_05_piraeus_tiles_768/skysat_2025_09_05_piraeus_x14592_y3840_w768_h768.png,14592,3840,768,768
./skysat_2025_09_05_piraeus_tiles_768/skysat_2025_09_05_piraeus_x15360_y3840_w768_h768.png,15360,3840,768,768
./skysat_2025_09_05_piraeus_tiles_768/skysat_2025_09_05_piraeus_x16128_y3840_w768_h768.png,16128,3840,768,768
./skysat_2025_09_05_piraeus_tiles_768/skysat_2025_09_05_piraeus_x16896_y3840_w715_h768.png,16896,3840,715,768
./skysat_2025_09_05_piraeus_tiles_768/skysat_2025_09_05_piraeus_x0_y4608_w768_h768.png,0,4608,768,768
./skysat_2025_09_05_piraeus_tiles_768/skysat_2025_09_05_piraeus_x768_y4608_w768_h768.png,768,4608,768,768
./skysat_2025_09_05_piraeus_tiles_768/skysat_2025_09_05_piraeus_x1536_y4608_w768_h768.png,1536,4608,768,768
./skysat_2025_09_05_piraeus_tiles_768/skysat_2025_09_05_piraeus_x2304_y4608_w768_h768.png,2304,4608,768,768
./skysat_2025_09_05_piraeus_tiles_768/skysat_2025_09_05_piraeus_x3072_y4608_w768_h768.png,3072,4608,768,768
./skysat_2025_09_05_piraeus_tiles_768/skysat_2025_09_05_piraeus_x3840_y4608_w768_h768.png,3840,4608,768,768
./skysat_2025_09_05_piraeus_tiles_768/skysat_2025_09_05_piraeus_x4608_y4608_w768_h768.png,4608,4608,768,768
./skysat_2025_09_05_piraeus_tiles_768/skysat_2025_09_05_piraeus_x5376_y4608_w768_h768.png,5376,4608,768,768
./skysat_2025_09_05_piraeus_tiles_768/skysat_2025_09_05_piraeus_x6144_y4608_w768_h768.png,6144,4608,768,768
./skysat_2025_09_05_piraeus_tiles_768/skysat_2025_09_05_piraeus_x6912_y4608_w768_h768.png,6912,4608,768,768
./skysat_2025_09_05_piraeus_tiles_768/skysat_2025_09_05_piraeus_x7680_y4608_w768_h768.png,7680,4608,768,768
./skysat_2025_09_05_piraeus_tiles_768/skysat_2025_09_05_piraeus_x8448_y4608_w768_h768.png,8448,4608,768,768
./skysat_2025_09_05_piraeus_tiles_768/skysat_2025_09_05_piraeus_x9216_y4608_w768_h768.png,9216,4608,768,768
./skysat_2025_09_05_piraeus_tiles_768/skysat_2025_09_05_piraeus_x9984_y4608_w768_h768.png,9984,4608,768,768
./skysat_2025_09_05_piraeus_tiles_768/skysat_2025_09_05_piraeus_x10752_y4608_w768_h768.png,10752,4608,768,768
./skysat_2025_09_05_piraeus_tiles_768/skysat_2025_09_05_piraeus_x11520_y4608_w768_h768.png,11520,4608,768,768
./skysat_2025_09_05_piraeus_tiles_768/skysat_2025_09_05_piraeus_x12288_y4608_w768_h768.png,12288,4608,768,768
./skysat_2025_09_05_piraeus_tiles_768/skysat_2025_09_05_piraeus_x13056_y4608_w768_h768.png,13056,4608,768,768
./skysat_2025_09_05_piraeus_tiles_768/skysat_2025_09_05_piraeus_x13824_y4608_w768_h768.png,13824,4608,768,768
./skysat_2025_09_05_piraeus_tiles_768/skysat_2025_09_05_piraeus_x14592_y4608_w768_h768.png,14592,4608,768,768
./skysat_2025_09_05_piraeus_tiles_768/skysat_2025_09_05_piraeus_x15360_y4608_w768_h768.png,15360,4608,768,768
./skysat_2025_09_05_piraeus_tiles_768/skysat_2025_09_05_piraeus_x16128_y4608_w768_h768.png,16128,4608,768,768
./skysat_2025_09_05_piraeus_tiles_768/skysat_2025_09_05_piraeus_x16896_y4608_w715_h768.png,16896,4608,715,768
./skysat_2025_09_05_piraeus_tiles_768/skysat_2025_09_05_piraeus_x0_y5376_w768_h768.png,0,5376,768,768
./skysat_2025_09_05_piraeus_tiles_768/skysat_2025_09_05_piraeus_x768_y5376_w768_h768.png,768,5376,768,768
./skysat_2025_09_05_piraeus_tiles_768/skysat_2025_09_05_piraeus_x1536_y5376_w768_h768.png,1536,5376,768,768
./skysat_2025_09_05_piraeus_tiles_768/skysat_2025_09_05_piraeus_x2304_y5376_w768_h768.png,2304,5376,768,768
./skysat_2025_09_05_piraeus_tiles_768/skysat_2025_09_05_piraeus_x3072_y5376_w768_h768.png,3072,5376,768,768
./skysat_2025_09_05_piraeus_tiles_768/skysat_2025_09_05_piraeus_x3840_y5376_w768_h768.png,3840,5376,768,768
./skysat_2025_09_05_piraeus_tiles_768/skysat_2025_09_05_piraeus_x4608_y5376_w768_h768.png,4608,5376,768,768
./skysat_2025_09_05_piraeus_tiles_768/skysat_2025_09_05_piraeus_x5376_y5376_w768_h768.png,5376,5376,768,768
./skysat_2025_09_05_piraeus_tiles_768/skysat_2025_09_05_piraeus_x6144_y5376_w768_h768.png,6144,5376,768,768
./skysat_2025_09_05_piraeus_tiles_768/skysat_2025_09_05_piraeus_x6912_y5376_w768_h768.png,6912,5376,768,768
./skysat_2025_09_05_piraeus_tiles_768/skysat_2025_09_05_piraeus_x7680_y5376_w768_h768.png,7680,5376,768,768
./skysat_2025_09_05_piraeus_tiles_768/skysat_2025_09_05_piraeus_x8448_y5376_w768_h768.png,8448,5376,768,768
./skysat_2025_09_05_piraeus_tiles_768/skysat_2025_09_05_piraeus_x9216_y5376_w768_h768.png,9216,5376,768,768
./skysat_2025_09_05_piraeus_tiles_768/skysat_2025_09_05_piraeus_x9984_y5376_w768_h768.png,9984,5376,768,768
./skysat_2025_09_05_piraeus_tiles_768/skysat_2025_09_05_piraeus_x10752_y5376_w768_h768.png,10752,5376,768,768
./skysat_2025_09_05_piraeus_tiles_768/skysat_2025_09_05_piraeus_x11520_y5376_w768_h768.png,11520,5376,768,768
./skysat_2025_09_05_piraeus_tiles_768/skysat_2025_09_05_piraeus_x12288_y5376_w768_h768.png,12288,5376,768,768
./skysat_2025_09_05_piraeus_tiles_768/skysat_2025_09_05_piraeus_x13056_y5376_w768_h768.png,13056,5376,768,768
./skysat_2025_09_05_piraeus_tiles_768/skysat_2025_09_05_piraeus_x13824_y5376_w768_h768.png,13824,5376,768,768
./skysat_2025_09_05_piraeus_tiles_768/skysat_2025_09_05_piraeus_x14592_y5376_w768_h768.png,14592,5376,768,768
./skysat_2025_09_05_piraeus_tiles_768/skysat_2025_09_05_piraeus_x15360_y5376_w768_h768.png,15360,5376,768,768
./skysat_2025_09_05_piraeus_tiles_768/skysat_2025_09_05_piraeus_x16128_y5376_w768_h768.png,16128,5376,768,768
./skysat_2025_09_05_piraeus_tiles_768/skysat_2025_09_05_piraeus_x16896_y5376_w715_h768.png,16896,5376,715,768
./skysat_2025_09_05_piraeus_tiles_768/skysat_2025_09_05_piraeus_x0_y6144_w768_h768.png,0,6144,768,768
./skysat_2025_09_05_piraeus_tiles_768/skysat_2025_09_05_piraeus_x768_y6144_w768_h768.png,768,6144,768,768
./skysat_2025_09_05_piraeus_tiles_768/skysat_2025_09_05_piraeus_x1536_y6144_w768_h768.png,1536,6144,768,768
./skysat_2025_09_05_piraeus_tiles_768/skysat_2025_09_05_piraeus_x2304_y6144_w768_h768.png,2304,6144,768,768
./skysat_2025_09_05_piraeus_tiles_768/skysat_2025_09_05_piraeus_x3072_y6144_w768_h768.png,3072,6144,768,768
./skysat_2025_09_05_piraeus_tiles_768/skysat_2025_09_05_piraeus_x3840_y6144_w768_h768.png,3840,6144,768,768
./skysat_2025_09_05_piraeus_tiles_768/skysat_2025_09_05_piraeus_x4608_y6144_w768_h768.png,4608,6144,768,768
./skysat_2025_09_05_piraeus_tiles_768/skysat_2025_09_05_piraeus_x5376_y6144_w768_h768.png,5376,6144,768,768
./skysat_2025_09_05_piraeus_tiles_768/skysat_2025_09_05_piraeus_x6144_y6144_w768_h768.png,6144,6144,768,768
./skysat_2025_09_05_piraeus_tiles_768/skysat_2025_09_05_piraeus_x6912_y6144_w768_h768.png,6912,6144,768,768
./skysat_2025_09_05_piraeus_tiles_768/skysat_2025_09_05_piraeus_x7680_y6144_w768_h768.png,7680,6144,768,768
./skysat_2025_09_05_piraeus_tiles_768/skysat_2025_09_05_piraeus_x8448_y6144_w768_h768.png,8448,6144,768,768
./skysat_2025_09_05_piraeus_tiles_768/skysat_2025_09_05_piraeus_x9216_y6144_w768_h768.png,9216,6144,768,768
./skysat_2025_09_05_piraeus_tiles_768/skysat_2025_09_05_piraeus_x9984_y6144_w768_h768.png,9984,6144,768,768
./skysat_2025_09_05_piraeus_tiles_768/skysat_2025_09_05_piraeus_x10752_y6144_w768_h768.png,10752,6144,768,768
./skysat_2025_09_05_piraeus_tiles_768/skysat_2025_09_05_piraeus_x11520_y6144_w768_h768.png,11520,6144,768,768
./skysat_2025_09_05_piraeus_tiles_768/skysat_2025_09_05_piraeus_x12288_y6144_w768_h768.png,12288,6144,768,768
./skysat_2025_09_05_piraeus_tiles_768/skysat_2025_09_05_piraeus_x13056_y6144_w768_h768.png,13056,6144,768,768
./skysat_2025_09_05_piraeus_tiles_768/skysat_2025_09_05_piraeus_x13824_y6144_w768_h768.png,13824,6144,768,768
./skysat_2025_09_05_piraeus_tiles_768/skysat_2025_09_05_piraeus_x14592_y6144_w768_h768.png,14592,6144,768,768
./skysat_2025_09_05_piraeus_tiles_768/skysat_2025_09_05_piraeus_x15360_y6144_w768_h768.png,15360,6144,768,768
./skysat_2025_09_05_piraeus_tiles_768/skysat_2025_09_05_piraeus_x16128_y6144_w768_h768.png,16128,6144,768,768
./skysat_2025_09_05_piraeus_tiles_768/skysat_2025_09_05_piraeus_x16896_y6144_w715_h768.png,16896,6144,715,768
./skysat_2025_09_05_piraeus_tiles_768/skysat_2025_09_05_piraeus_x0_y6912_w768_h768.png,0,6912,768,768
./skysat_2025_09_05_piraeus_tiles_768/skysat_2025_09_05_piraeus_x768_y6912_w768_h768.png,768,6912,768,768
./skysat_2025_09_05_piraeus_tiles_768/skysat_2025_09_05_piraeus_x1536_y6912_w768_h768.png,1536,6912,768,768
./skysat_2025_09_05_piraeus_tiles_768/skysat_2025_09_05_piraeus_x2304_y6912_w768_h768.png,2304,6912,768,768
./skysat_2025_09_05_piraeus_tiles_768/skysat_2025_09_05_piraeus_x3072_y6912_w768_h768.png,3072,6912,768,768
./skysat_2025_09_05_piraeus_tiles_768/skysat_2025_09_05_piraeus_x3840_y6912_w768_h768.png,3840,6912,768,768
./skysat_2025_09_05_piraeus_tiles_768/skysat_2025_09_05_piraeus_x4608_y6912_w768_h768.png,4608,6912,768,768
./skysat_2025_09_05_piraeus_tiles_768/skysat_2025_09_05_piraeus_x5376_y6912_w768_h768.png,5376,6912,768,768
./skysat_2025_09_05_piraeus_tiles_768/skysat_2025_09_05_piraeus_x6144_y6912_w768_h768.png,6144,6912,768,768
./skysat_2025_09_05_piraeus_tiles_768/skysat_2025_09_05_piraeus_x6912_y6912_w768_h768.png,6912,6912,768,768
./skysat_2025_09_05_piraeus_tiles_768/skysat_2025_09_05_piraeus_x7680_y6912_w768_h768.png,7680,6912,768,768
./skysat_2025_09_05_piraeus_tiles_768/skysat_2025_09_05_piraeus_x8448_y6912_w768_h768.png,8448,6912,768,768
./skysat_2025_09_05_piraeus_tiles_768/skysat_2025_09_05_piraeus_x9216_y6912_w768_h768.png,9216,6912,768,768
./skysat_2025_09_05_piraeus_tiles_768/skysat_2025_09_05_piraeus_x9984_y6912_w768_h768.png,9984,6912,768,768
./skysat_2025_09_05_piraeus_tiles_768/skysat_2025_09_05_piraeus_x10752_y6912_w768_h768.png,10752,6912,768,768
./skysat_2025_09_05_piraeus_tiles_768/skysat_2025_09_05_piraeus_x11520_y6912_w768_h768.png,11520,6912,768,768
./skysat_2025_09_05_piraeus_tiles_768/skysat_2025_09_05_piraeus_x12288_y6912_w768_h768.png,12288,6912,768,768
./skysat_2025_09_05_piraeus_tiles_768/skysat_2025_09_05_piraeus_x13056_y6912_w768_h768.png,13056,6912,768,768
./skysat_2025_09_05_piraeus_tiles_768/skysat_2025_09_05_piraeus_x13824_y6912_w768_h768.png,13824,6912,768,768
./skysat_2025_09_05_piraeus_tiles_768/skysat_2025_09_05_piraeus_x14592_y6912_w768_h768.png,14592,6912,768,768
./skysat_2025_09_05_piraeus_tiles_768/skysat_2025_09_05_piraeus_x15360_y6912_w768_h768.png,15360,6912,768,768
./skysat_2025_09_05_piraeus_tiles_768/skysat_2025_09_05_piraeus_x16128_y6912_w768_h768.png,16128,6912,768,768
./skysat_2025_09_05_piraeus_tiles_768/skysat_2025_09_05_piraeus_x16896_y6912_w715_h768.png,16896,6912,715,768
./skysat_2025_09_05_piraeus_tiles_768/skysat_2025_09_05_piraeus_x0_y7680_w768_h768.png,0,7680,768,768
./skysat_2025_09_05_piraeus_tiles_768/skysat_2025_09_05_piraeus_x768_y7680_w768_h768.png,768,7680,768,768
./skysat_2025_09_05_piraeus_tiles_768/skysat_2025_09_05_piraeus_x1536_y7680_w768_h768.png,1536,7680,768,768
./skysat_2025_09_05_piraeus_tiles_768/skysat_2025_09_05_piraeus_x2304_y7680_w768_h768.png,2304,7680,768,768
./skysat_2025_09_05_piraeus_tiles_768/skysat_2025_09_05_piraeus_x3072_y7680_w768_h768.png,3072,7680,768,768
./skysat_2025_09_05_piraeus_tiles_768/skysat_2025_09_05_piraeus_x3840_y7680_w768_h768.png,3840,7680,768,768
./skysat_2025_09_05_piraeus_tiles_768/skysat_2025_09_05_piraeus_x4608_y7680_w768_h768.png,4608,7680,768,768
./skysat_2025_09_05_piraeus_tiles_768/skysat_2025_09_05_piraeus_x5376_y7680_w768_h768.png,5376,7680,768,768
./skysat_2025_09_05_piraeus_tiles_768/skysat_2025_09_05_piraeus_x6144_y7680_w768_h768.png,6144,7680,768,768
./skysat_2025_09_05_piraeus_tiles_768/skysat_2025_09_05_piraeus_x6912_y7680_w768_h768.png,6912,7680,768,768
./skysat_2025_09_05_piraeus_tiles_768/skysat_2025_09_05_piraeus_x7680_y7680_w768_h768.png,7680,7680,768,768
./skysat_2025_09_05_piraeus_tiles_768/skysat_2025_09_05_piraeus_x8448_y7680_w768_h768.png,8448,7680,768,768
./skysat_2025_09_05_piraeus_tiles_768/skysat_2025_09_05_piraeus_x9216_y7680_w768_h768.png,9216,7680,768,768
./skysat_2025_09_05_piraeus_tiles_768/skysat_2025_09_05_piraeus_x9984_y7680_w768_h768.png,9984,7680,768,768
./skysat_2025_09_05_piraeus_tiles_768/skysat_2025_09_05_piraeus_x10752_y7680_w768_h768.png,10752,7680,768,768
./skysat_2025_09_05_piraeus_tiles_768/skysat_2025_09_05_piraeus_x11520_y7680_w768_h768.png,11520,7680,768,768
./skysat_2025_09_05_piraeus_tiles_768/skysat_2025_09_05_piraeus_x12288_y7680_w768_h768.png,12288,7680,768,768
./skysat_2025_09_05_piraeus_tiles_768/skysat_2025_09_05_piraeus_x13056_y7680_w768_h768.png,13056,7680,768,768
./skysat_2025_09_05_piraeus_tiles_768/skysat_2025_09_05_piraeus_x13824_y7680_w768_h768.png,13824,7680,768,768
./skysat_2025_09_05_piraeus_tiles_768/skysat_2025_09_05_piraeus_x14592_y7680_w768_h768.png,14592,7680,768,768
./skysat_2025_09_05_piraeus_tiles_768/skysat_2025_09_05_piraeus_x15360_y7680_w768_h768.png,15360,7680,768,768
./skysat_2025_09_05_piraeus_tiles_768/skysat_2025_09_05_piraeus_x16128_y7680_w768_h768.png,16128,7680,768,768
./skysat_2025_09_05_piraeus_tiles_768/skysat_2025_09_05_piraeus_x16896_y7680_w715_h768.png,16896,7680,715,768
./skysat_2025_09_05_piraeus_tiles_768/skysat_2025_09_05_piraeus_x0_y8448_w768_h768.png,0,8448,768,768
./skysat_2025_09_05_piraeus_tiles_768/skysat_2025_09_05_piraeus_x768_y8448_w768_h768.png,768,8448,768,768
./skysat_2025_09_05_piraeus_tiles_768/skysat_2025_09_05_piraeus_x1536_y8448_w768_h768.png,1536,8448,768,768
./skysat_2025_09_05_piraeus_tiles_768/skysat_2025_09_05_piraeus_x2304_y8448_w768_h768.png,2304,8448,768,768
./skysat_2025_09_05_piraeus_tiles_768/skysat_2025_09_05_piraeus_x3072_y8448_w768_h768.png,3072,8448,768,768
./skysat_2025_09_05_piraeus_tiles_768/skysat_2025_09_05_piraeus_x3840_y8448_w768_h768.png,3840,8448,768,768
./skysat_2025_09_05_piraeus_tiles_768/skysat_2025_09_05_piraeus_x4608_y8448_w768_h768.png,4608,8448,768,768
./skysat_2025_09_05_piraeus_tiles_768/skysat_2025_09_05_piraeus_x5376_y8448_w768_h768.png,5376,8448,768,768
./skysat_2025_09_05_piraeus_tiles_768/skysat_2025_09_05_piraeus_x6144_y8448_w768_h768.png,6144,8448,768,768
./skysat_2025_09_05_piraeus_tiles_768/skysat_2025_09_05_piraeus_x6912_y8448_w768_h768.png,6912,8448,768,768
./skysat_2025_09_05_piraeus_tiles_768/skysat_2025_09_05_piraeus_x7680_y8448_w768_h768.png,7680,8448,768,768
./skysat_2025_09_05_piraeus_tiles_768/skysat_2025_09_05_piraeus_x8448_y8448_w768_h768.png,8448,8448,768,768
./skysat_2025_09_05_piraeus_tiles_768/skysat_2025_09_05_piraeus_x9216_y8448_w768_h768.png,9216,8448,768,768
./skysat_2025_09_05_piraeus_tiles_768/skysat_2025_09_05_piraeus_x9984_y8448_w768_h768.png,9984,8448,768,768
./skysat_2025_09_05_piraeus_tiles_768/skysat_2025_09_05_piraeus_x10752_y8448_w768_h768.png,10752,8448,768,768
./skysat_2025_09_05_piraeus_tiles_768/skysat_2025_09_05_piraeus_x11520_y8448_w768_h768.png,11520,8448,768,768
./skysat_2025_09_05_piraeus_tiles_768/skysat_2025_09_05_piraeus_x12288_y8448_w768_h768.png,12288,8448,768,768
./skysat_2025_09_05_piraeus_tiles_768/skysat_2025_09_05_piraeus_x13056_y8448_w768_h768.png,13056,8448,768,768
./skysat_2025_09_05_piraeus_tiles_768/skysat_2025_09_05_piraeus_x13824_y8448_w768_h768.png,13824,8448,768,768
./skysat_2025_09_05_piraeus_tiles_768/skysat_2025_09_05_piraeus_x14592_y8448_w768_h768.png,14592,8448,768,768
./skysat_2025_09_05_piraeus_tiles_768/skysat_2025_09_05_piraeus_x15360_y8448_w768_h768.png,15360,8448,768,768
./skysat_2025_09_05_piraeus_tiles_768/skysat_2025_09_05_piraeus_x16128_y8448_w768_h768.png,16128,8448,768,768
./skysat_2025_09_05_piraeus_tiles_768/skysat_2025_09_05_piraeus_x16896_y8448_w715_h768.png,16896,8448,715,768
./skysat_2025_09_05_piraeus_tiles_768/skysat_2025_09_05_piraeus_x0_y9216_w768_h768.png,0,9216,768,768
./skysat_2025_09_05_piraeus_tiles_768/skysat_2025_09_05_piraeus_x768_y9216_w768_h768.png,768,9216,768,768
./skysat_2025_09_05_piraeus_tiles_768/skysat_2025_09_05_piraeus_x1536_y9216_w768_h768.png,1536,9216,768,768
./skysat_2025_09_05_piraeus_tiles_768/skysat_2025_09_05_piraeus_x2304_y9216_w768_h768.png,2304,9216,768,768
./skysat_2025_09_05_piraeus_tiles_768/skysat_2025_09_05_piraeus_x3072_y9216_w768_h768.png,3072,9216,768,768
./skysat_2025_09_05_piraeus_tiles_768/skysat_2025_09_05_piraeus_x3840_y9216_w768_h768.png,3840,9216,768,768
./skysat_2025_09_05_piraeus_tiles_768/skysat_2025_09_05_piraeus_x4608_y9216_w768_h768.png,4608,9216,768,768
./skysat_2025_09_05_piraeus_tiles_768/skysat_2025_09_05_piraeus_x5376_y9216_w768_h768.png,5376,9216,768,768
./skysat_2025_09_05_piraeus_tiles_768/skysat_2025_09_05_piraeus_x6144_y9216_w768_h768.png,6144,9216,768,768
./skysat_2025_09_05_piraeus_tiles_768/skysat_2025_09_05_piraeus_x6912_y9216_w768_h768.png,6912,9216,768,768
./skysat_2025_09_05_piraeus_tiles_768/skysat_2025_09_05_piraeus_x7680_y9216_w768_h768.png,7680,9216,768,768
./skysat_2025_09_05_piraeus_tiles_768/skysat_2025_09_05_piraeus_x8448_y9216_w768_h768.png,8448,9216,768,768
./skysat_2025_09_05_piraeus_tiles_768/skysat_2025_09_05_piraeus_x9216_y9216_w768_h768.png,9216,9216,768,768
./skysat_2025_09_05_piraeus_tiles_768/skysat_2025_09_05_piraeus_x9984_y9216_w768_h768.png,9984,9216,768,768
./skysat_2025_09_05_piraeus_tiles_768/skysat_2025_09_05_piraeus_x10752_y9216_w768_h768.png,10752,9216,768,768
./skysat_2025_09_05_piraeus_tiles_768/skysat_2025_09_05_piraeus_x11520_y9216_w768_h768.png,11520,9216,768,768
./skysat_2025_09_05_piraeus_tiles_768/skysat_2025_09_05_piraeus_x12288_y9216_w768_h768.png,12288,9216,768,768
./skysat_2025_09_05_piraeus_tiles_768/skysat_2025_09_05_piraeus_x13056_y9216_w768_h768.png,13056,9216,768,768
./skysat_2025_09_05_piraeus_tiles_768/skysat_2025_09_05_piraeus_x13824_y9216_w768_h768.png,13824,9216,768,768
./skysat_2025_09_05_piraeus_tiles_768/skysat_2025_09_05_piraeus_x14592_y9216_w768_h768.png,14592,9216,768,768
./skysat_2025_09_05_piraeus_tiles_768/skysat_2025_09_05_piraeus_x15360_y9216_w768_h768.png,15360,9216,768,768
./skysat_2025_09_05_piraeus_tiles_768/skysat_2025_09_05_piraeus_x16128_y9216_w768_h768.png,16128,9216,768,768
./skysat_2025_09_05_piraeus_tiles_768/skysat_2025_09_05_piraeus_x16896_y9216_w715_h768.png,16896,9216,715,768
./skysat_2025_09_05_piraeus_tiles_768/skysat_2025_09_05_piraeus_x0_y9984_w768_h768.png,0,9984,768,768
./skysat_2025_09_05_piraeus_tiles_768/skysat_2025_09_05_piraeus_x768_y9984_w768_h768.png,768,9984,768,768
./skysat_2025_09_05_piraeus_tiles_768/skysat_2025_09_05_piraeus_x1536_y9984_w768_h768.png,1536,9984,768,768
./skysat_2025_09_05_piraeus_tiles_768/skysat_2025_09_05_piraeus_x2304_y9984_w768_h768.png,2304,9984,768,768
./skysat_2025_09_05_piraeus_tiles_768/skysat_2025_09_05_piraeus_x3072_y9984_w768_h768.png,3072,9984,768,768
./skysat_2025_09_05_piraeus_tiles_768/skysat_2025_09_05_piraeus_x3840_y9984_w768_h768.png,3840,9984,768,768
./skysat_2025_09_05_piraeus_tiles_768/skysat_2025_09_05_piraeus_x4608_y9984_w768_h768.png,4608,9984,768,768
./skysat_2025_09_05_piraeus_tiles_768/skysat_2025_09_05_piraeus_x5376_y9984_w768_h768.png,5376,9984,768,768
./skysat_2025_09_05_piraeus_tiles_768/skysat_2025_09_05_piraeus_x6144_y9984_w768_h768.png,6144,9984,768,768
./skysat_2025_09_05_piraeus_tiles_768/skysat_2025_09_05_piraeus_x6912_y9984_w768_h768.png,6912,9984,768,768
./skysat_2025_09_05_piraeus_tiles_768/skysat_2025_09_05_piraeus_x7680_y9984_w768_h768.png,7680,9984,768,768
./skysat_2025_09_05_piraeus_tiles_768/skysat_2025_09_05_piraeus_x8448_y9984_w768_h768.png,8448,9984,768,768
./skysat_2025_09_05_piraeus_tiles_768/skysat_2025_09_05_piraeus_x9216_y9984_w768_h768.png,9216,9984,768,768
./skysat_2025_09_05_piraeus_tiles_768/skysat_2025_09_05_piraeus_x9984_y9984_w768_h768.png,9984,9984,768,768
./skysat_2025_09_05_piraeus_tiles_768/skysat_2025_09_05_piraeus_x10752_y9984_w768_h768.png,10752,9984,768,768
./skysat_2025_09_05_piraeus_tiles_768/skysat_2025_09_05_piraeus_x11520_y9984_w768_h768.png,11520,9984,768,768
./skysat_2025_09_05_piraeus_tiles_768/skysat_2025_09_05_piraeus_x12288_y9984_w768_h768.png,12288,9984,768,768
./skysat_2025_09_05_piraeus_tiles_768/skysat_2025_09_05_piraeus_x13056_y9984_w768_h768.png,13056,9984,768,768
./skysat_2025_09_05_piraeus_tiles_768/skysat_2025_09_05_piraeus_x13824_y9984_w768_h768.png,13824,9984,768,768
./skysat_2025_09_05_piraeus_tiles_768/skysat_2025_09_05_piraeus_x14592_y9984_w768_h768.png,14592,9984,768,768
./skysat_2025_09_05_piraeus_tiles_768/skysat_2025_09_05_piraeus_x15360_y9984_w768_h768.png,15360,9984,768,768
./skysat_2025_09_05_piraeus_tiles_768/skysat_2025_09_05_piraeus_x16128_y9984_w768_h768.png,16128,9984,768,768
./skysat_2025_09_05_piraeus_tiles_768/skysat_2025_09_05_piraeus_x16896_y9984_w715_h768.png,16896,9984,715,768
./skysat_2025_09_05_piraeus_tiles_768/skysat_2025_09_05_piraeus_x0_y10752_w768_h768.png,0,10752,768,768
./skysat_2025_09_05_piraeus_tiles_768/skysat_2025_09_05_piraeus_x768_y10752_w768_h768.png,768,10752,768,768
./skysat_2025_09_05_piraeus_tiles_768/skysat_2025_09_05_piraeus_x1536_y10752_w768_h768.png,1536,10752,768,768
./skysat_2025_09_05_piraeus_tiles_768/skysat_2025_09_05_piraeus_x2304_y10752_w768_h768.png,2304,10752,768,768
./skysat_2025_09_05_piraeus_tiles_768/skysat_2025_09_05_piraeus_x3072_y10752_w768_h768.png,3072,10752,768,768
./skysat_2025_09_05_piraeus_tiles_768/skysat_2025_09_05_piraeus_x3840_y10752_w768_h768.png,3840,10752,768,768
./skysat_2025_09_05_piraeus_tiles_768/skysat_2025_09_05_piraeus_x4608_y10752_w768_h768.png,4608,10752,768,768
./skysat_2025_09_05_piraeus_tiles_768/skysat_2025_09_05_piraeus_x5376_y10752_w768_h768.png,5376,10752,768,768
./skysat_2025_09_05_piraeus_tiles_768/skysat_2025_09_05_piraeus_x6144_y10752_w768_h768.png,6144,10752,768,768
./skysat_2025_09_05_piraeus_tiles_768/skysat_2025_09_05_piraeus_x6912_y10752_w768_h768.png,6912,10752,768,768
./skysat_2025_09_05_piraeus_tiles_768/skysat_2025_09_05_piraeus_x7680_y10752_w768_h768.png,7680,10752,768,768
./skysat_2025_09_05_piraeus_tiles_768/skysat_2025_09_05_piraeus_x8448_y10752_w768_h768.png,8448,10752,768,768
./skysat_2025_09_05_piraeus_tiles_768/skysat_2025_09_05_piraeus_x9216_y10752_w768_h768.png,9216,10752,768,768
./skysat_2025_09_05_piraeus_tiles_768/skysat_2025_09_05_piraeus_x9984_y10752_w768_h768.png,9984,10752,768,768
./skysat_2025_09_05_piraeus_tiles_768/skysat_2025_09_05_piraeus_x10752_y10752_w768_h768.png,10752,10752,768,768
./skysat_2025_09_05_piraeus_tiles_768/skysat_2025_09_05_piraeus_x11520_y10752_w768_h768.png,11520,10752,768,768
./skysat_2025_09_05_piraeus_tiles_768/skysat_2025_09_05_piraeus_x12288_y10752_w768_h768.png,12288,10752,768,768
./skysat_2025_09_05_piraeus_tiles_768/skysat_2025_09_05_piraeus_x13056_y10752_w768_h768.png,13056,10752,768,768
./skysat_2025_09_05_piraeus_tiles_768/skysat_2025_09_05_piraeus_x13824_y10752_w768_h768.png,13824,10752,768,768
./skysat_2025_09_05_piraeus_tiles_768/skysat_2025_09_05_piraeus_x14592_y10752_w768_h768.png,14592,10752,768,768
./skysat_2025_09_05_piraeus_tiles_768/skysat_2025_09_05_piraeus_x15360_y10752_w768_h768.png,15360,10752,768,768
./skysat_2025_09_05_piraeus_tiles_768/skysat_2025_09_05_piraeus_x16128_y10752_w768_h768.png,16128,10752,768,768
./skysat_2025_09_05_piraeus_tiles_768/skysat_2025_09_05_piraeus_x16896_y10752_w715_h768.png,16896,10752,715,768
./skysat_2025_09_05_piraeus_tiles_768/skysat_2025_09_05_piraeus_x0_y11520_w768_h768.png,0,11520,768,768
./skysat_2025_09_05_piraeus_tiles_768/skysat_2025_09_05_piraeus_x768_y11520_w768_h768.png,768,11520,768,768
./skysat_2025_09_05_piraeus_tiles_768/skysat_2025_09_05_piraeus_x1536_y11520_w768_h768.png,1536,11520,768,768
./skysat_2025_09_05_piraeus_tiles_768/skysat_2025_09_05_piraeus_x2304_y11520_w768_h768.png,2304,11520,768,768
./skysat_2025_09_05_piraeus_tiles_768/skysat_2025_09_05_piraeus_x3072_y11520_w768_h768.png,3072,11520,768,768
./skysat_2025_09_05_piraeus_tiles_768/skysat_2025_09_05_piraeus_x3840_y11520_w768_h768.png,3840,11520,768,768
./skysat_2025_09_05_piraeus_tiles_768/skysat_2025_09_05_piraeus_x4608_y11520_w768_h768.png,4608,11520,768,768
./skysat_2025_09_05_piraeus_tiles_768/skysat_2025_09_05_piraeus_x5376_y11520_w768_h768.png,5376,11520,768,768
./skysat_2025_09_05_piraeus_tiles_768/skysat_2025_09_05_piraeus_x6144_y11520_w768_h768.png,6144,11520,768,768
./skysat_2025_09_05_piraeus_tiles_768/skysat_2025_09_05_piraeus_x6912_y11520_w768_h768.png,6912,11520,768,768
./skysat_2025_09_05_piraeus_tiles_768/skysat_2025_09_05_piraeus_x7680_y11520_w768_h768.png,7680,11520,768,768
./skysat_2025_09_05_piraeus_tiles_768/skysat_2025_09_05_piraeus_x8448_y11520_w768_h768.png,8448,11520,768,768
./skysat_2025_09_05_piraeus_tiles_768/skysat_2025_09_05_piraeus_x9216_y11520_w768_h768.png,9216,11520,768,768
./skysat_2025_09_05_piraeus_tiles_768/skysat_2025_09_05_piraeus_x9984_y11520_w768_h768.png,9984,11520,768,768
./skysat_2025_09_05_piraeus_tiles_768/skysat_2025_09_05_piraeus_x10752_y11520_w768_h768.png,10752,11520,768,768
./skysat_2025_09_05_piraeus_tiles_768/skysat_2025_09_05_piraeus_x11520_y11520_w768_h768.png,11520,11520,768,768
./skysat_2025_09_05_piraeus_tiles_768/skysat_2025_09_05_piraeus_x12288_y11520_w768_h768.png,12288,11520,768,768
./skysat_2025_09_05_piraeus_tiles_768/skysat_2025_09_05_piraeus_x13056_y11520_w768_h768.png,13056,11520,768,768
./skysat_2025_09_05_piraeus_tiles_768/skysat_2025_09_05_piraeus_x13824_y11520_w768_h768.png,13824,11520,768,768
./skysat_2025_09_05_piraeus_tiles_768/skysat_2025_09_05_piraeus_x14592_y11520_w768_h768.png,14592,11520,768,768
./skysat_2025_09_05_piraeus_tiles_768/skysat_2025_09_05_piraeus_x15360_y11520_w768_h768.png,15360,11520,768,768
./skysat_2025_09_05_piraeus_tiles_768/skysat_2025_09_05_piraeus_x16128_y11520_w768_h768.png,16128,11520,768,768
./skysat_2025_09_05_piraeus_tiles_768/skysat_2025_09_05_piraeus_x16896_y11520_w715_h768.png,16896,11520,715,768
./skysat_2025_09_05_piraeus_tiles_768/skysat_2025_09_05_piraeus_x0_y12288_w768_h768.png,0,12288,768,768
./skysat_2025_09_05_piraeus_tiles_768/skysat_2025_09_05_piraeus_x768_y12288_w768_h768.png,768,12288,768,768
./skysat_2025_09_05_piraeus_tiles_768/skysat_2025_09_05_piraeus_x1536_y12288_w768_h768.png,1536,12288,768,768
./skysat_2025_09_05_piraeus_tiles_768/skysat_2025_09_05_piraeus_x2304_y12288_w768_h768.png,2304,12288,768,768
./skysat_2025_09_05_piraeus_tiles_768/skysat_2025_09_05_piraeus_x3072_y12288_w768_h768.png,3072,12288,768,768
./skysat_2025_09_05_piraeus_tiles_768/skysat_2025_09_05_piraeus_x3840_y12288_w768_h768.png,3840,12288,768,768
./skysat_2025_09_05_piraeus_tiles_768/skysat_2025_09_05_piraeus_x4608_y12288_w768_h768.png,4608,12288,768,768
./skysat_2025_09_05_piraeus_tiles_768/skysat_2025_09_05_piraeus_x5376_y12288_w768_h768.png,5376,12288,768,768
./skysat_2025_09_05_piraeus_tiles_768/skysat_2025_09_05_piraeus_x6144_y12288_w768_h768.png,6144,12288,768,768
./skysat_2025_09_05_piraeus_tiles_768/skysat_2025_09_05_piraeus_x6912_y12288_w768_h768.png,6912,12288,768,768
./skysat_2025_09_05_piraeus_tiles_768/skysat_2025_09_05_piraeus_x7680_y12288_w768_h768.png,7680,12288,768,768
./skysat_2025_09_05_piraeus_tiles_768/skysat_2025_09_05_piraeus_x8448_y12288_w768_h768.png,8448,12288,768,768
./skysat_2025_09_05_piraeus_tiles_768/skysat_2025_09_05_piraeus_x9216_y12288_w768_h768.png,9216,12288,768,768
./skysat_2025_09_05_piraeus_tiles_768/skysat_2025_09_05_piraeus_x9984_y12288_w768_h768.png,9984,12288,768,768
./skysat_2025_09_05_piraeus_tiles_768/skysat_2025_09_05_piraeus_x10752_y12288_w768_h768.png,10752,12288,768,768
./skysat_2025_09_05_piraeus_tiles_768/skysat_2025_09_05_piraeus_x11520_y12288_w768_h768.png,11520,12288,768,768
./skysat_2025_09_05_piraeus_tiles_768/skysat_2025_09_05_piraeus_x12288_y12288_w768_h768.png,12288,12288,768,768
./skysat_2025_09_05_piraeus_tiles_768/skysat_2025_09_05_piraeus_x13056_y12288_w768_h768.png,13056,12288,768,768
./skysat_2025_09_05_piraeus_tiles_768/skysat_2025_09_05_piraeus_x13824_y12288_w768_h768.png,13824,12288,768,768
./skysat_2025_09_05_piraeus_tiles_768/skysat_2025_09_05_piraeus_x14592_y12288_w768_h768.png,14592,12288,768,768
./skysat_2025_09_05_piraeus_tiles_768/skysat_2025_09_05_piraeus_x15360_y12288_w768_h768.png,15360,12288,768,768
./skysat_2025_09_05_piraeus_tiles_768/skysat_2025_09_05_piraeus_x16128_y12288_w768_h768.png,16128,12288,768,768
./skysat_2025_09_05_piraeus_tiles_768/skysat_2025_09_05_piraeus_x16896_y12288_w715_h768.png,16896,12288,715,768
./skysat_2025_09_05_piraeus_tiles_768/skysat_2025_09_05_piraeus_x0_y13056_w768_h261.png,0,13056,768,261
./skysat_2025_09_05_piraeus_tiles_768/skysat_2025_09_05_piraeus_x768_y13056_w768_h261.png,768,13056,768,261
./skysat_2025_09_05_piraeus_tiles_768/skysat_2025_09_05_piraeus_x1536_y13056_w768_h261.png,1536,13056,768,261
./skysat_2025_09_05_piraeus_tiles_768/skysat_2025_09_05_piraeus_x2304_y13056_w768_h261.png,2304,13056,768,261
./skysat_2025_09_05_piraeus_tiles_768/skysat_2025_09_05_piraeus_x3072_y13056_w768_h261.png,3072,13056,768,261
./skysat_2025_09_05_piraeus_tiles_768/skysat_2025_09_05_piraeus_x3840_y13056_w768_h261.png,3840,13056,768,261
./skysat_2025_09_05_piraeus_tiles_768/skysat_2025_09_05_piraeus_x4608_y13056_w768_h261.png,4608,13056,768,261
./skysat_2025_09_05_piraeus_tiles_768/skysat_2025_09_05_piraeus_x5376_y13056_w768_h261.png,5376,13056,768,261
./skysat_2025_09_05_piraeus_tiles_768/skysat_2025_09_05_piraeus_x6144_y13056_w768_h261.png,6144,13056,768,261
./skysat_2025_09_05_piraeus_tiles_768/skysat_2025_09_05_piraeus_x6912_y13056_w768_h261.png,6912,13056,768,261
./skysat_2025_09_05_piraeus_tiles_768/skysat_2025_09_05_piraeus_x7680_y13056_w768_h261.png,7680,13056,768,261
./skysat_2025_09_05_piraeus_tiles_768/skysat_2025_09_05_piraeus_x8448_y13056_w768_h261.png,8448,13056,768,261
./skysat_2025_09_05_piraeus_tiles_768/skysat_2025_09_05_piraeus_x9216_y13056_w768_h261.png,9216,13056,768,261
./skysat_2025_09_05_piraeus_tiles_768/skysat_2025_09_05_piraeus_x9984_y13056_w768_h261.png,9984,13056,768,261
./skysat_2025_09_05_piraeus_tiles_768/skysat_2025_09_05_piraeus_x10752_y13056_w768_h261.png,10752,13056,768,261
./skysat_2025_09_05_piraeus_tiles_768/skysat_2025_09_05_piraeus_x11520_y13056_w768_h261.png,11520,13056,768,261
./skysat_2025_09_05_piraeus_tiles_768/skysat_2025_09_05_piraeus_x12288_y13056_w768_h261.png,12288,13056,768,261
./skysat_2025_09_05_piraeus_tiles_768/skysat_2025_09_05_piraeus_x13056_y13056_w768_h261.png,13056,13056,768,261
./skysat_2025_09_05_piraeus_tiles_768/skysat_2025_09_05_piraeus_x13824_y13056_w768_h261.png,13824,13056,768,261
./skysat_2025_09_05_piraeus_tiles_768/skysat_2025_09_05_piraeus_x14592_y13056_w768_h261.png,14592,13056,768,261
./skysat_2025_09_05_piraeus_tiles_768/skysat_2025_09_05_piraeus_x15360_y13056_w768_h261.png,15360,13056,768,261
./skysat_2025_09_05_piraeus_tiles_768/skysat_2025_09_05_piraeus_x16128_y13056_w768_h261.png,16128,13056,768,261
./skysat_2025_09_05_piraeus_tiles_768/skysat_2025_09_05_piraeus_x16896_y13056_w715_h261.png,16896,13056,715,261
